{"cameraMode":{"drawMode":0,"name":"Shaded","section":"Shading Mode"},"sceneLighting":true,"audioPlay":false,"sceneViewState":{"m_AlwaysRefresh":false,"showFog":true,"showSkybox":true,"showFlares":true,"showImageEffects":true,"showParticleSystems":true,"showVisualEffectGraphs":true,"m_FxEnabled":true},"in2DMode":false,"pivot":{"x":-9.310651779174805,"y":3.231508255004883,"z":-16.922821044921876},"rotation":{"x":-0.036350399255752566,"y":-0.11876465380191803,"z":0.004304022528231144,"w":-0.9923498630523682},"size":0.011307877488434315,"orthographic":false}